,pl_name,hostname,pl_bmasse,pl_orbper,pl_orbsmax,st_mass
0,K2-157 b,K2-157,1.14,0.3652575,0.00962,0.89
1,K2-229 b,K2-229,2.59,0.584249,0.012888,0.837
2,HD 80653 b,HD 80653,5.6,0.719573,0.0166,1.18
3,HD 80653 b,HD 80653,5.72,0.719573,0.01661,1.18
4,55 Cnc e,55 Cnc,8.08,0.736539,0.01544,0.9
5,55 Cnc e,55 Cnc,8.63,0.73654,0.01583,0.963
6,55 Cnc e,55 Cnc,7.81,0.7365437,0.01544,0.905
7,55 Cnc e,55 Cnc,9.37593801,0.7365445,0.01583,0.974708
8,55 Cnc e,55 Cnc,8.37,0.736546,0.01583,0.9
9,55 Cnc e,55 Cnc,7.99,0.7365474,0.01544,0.905
10,55 Cnc e,55 Cnc,8.09479,0.7365478,0.015439,0.9
11,55 Cnc e,55 Cnc,8.13928,0.7365515,0.015690907,0.95
12,CoRoT-7 b,CoRoT-7,6.99226,0.853585,0.0169,0.884
13,CoRoT-7 b,CoRoT-7,21,0.853585,0.0172,0.93
14,CoRoT-7 b,CoRoT-7,4.8,0.853585,0.017,0.899
15,CoRoT-7 b,CoRoT-7,5.74,0.85359159,0.017016,0.913
16,CoRoT-7 b,CoRoT-7,4.73,0.85359165,0.017,0.899
17,EPIC 201595106 b,EPIC 201595106,7.67,0.87724,0.0177,0.958
18,HAT-P-23 b,HAT-P-23,658,1.21288287,0.02302,1.104
19,HAT-P-23 b,HAT-P-23,626.1251,1.21288287,0.0232,1.13
20,HAT-P-23 b,HAT-P-23,664.237,1.212884,0.0232,1.13
21,HAT-P-36 b,HAT-P-36,611.82275,1.3273466,0.02402,1.049
22,HAT-P-36 b,HAT-P-36,588.62116,1.32734683,0.02388,1.03
23,HAT-P-36 b,HAT-P-36,587.413406,1.32734683,0.0241,1.03
24,HAT-P-36 b,HAT-P-36,587.9855,1.327347,0.02382,1.022
25,HAT-P-36 b,HAT-P-36,582.24,1.327347,0.0238,1.022
26,CoRoT-1 b,CoRoT-1,359.1479,1.5089557,0.0261,1.03
27,CoRoT-1 b,CoRoT-1,390.9309,1.5089682,0.02752,1.22
28,CoRoT-1 b,CoRoT-1,327.3649,1.5089686,0.02536,0.95
29,CoRoT-14 b,CoRoT-14,2358.2986,1.51214,0.02691,1.13
30,CoRoT-14 b,CoRoT-14,2437.7561,1.51214,0.02687,1.125
31,CoRoT-14 b,CoRoT-14,2415.4,1.51214,0.027,1.13
32,GJ 1214 b,GJ 1214,8.17,1.58040433,0.0149,0.178
33,GJ 1214 b,GJ 1214,8.41,1.580404531,0.01505,0.182
34,GJ 1214 b,GJ 1214,6.261251,1.58040456,0.01411,0.15
35,Kepler-9 d,Kepler-9,8.41466053,1.59295975,0.0269056221,1.024
36,CoRoT-2 b,CoRoT-2,1150.5446,1.7429935,0.02854,1.018
37,CoRoT-2 b,CoRoT-2,1134.6531,1.7429935,0.02835,0.997
38,CoRoT-2 b,CoRoT-2,1102.82,1.7429935,0.02798,0.96
39,CoRoT-2 b,CoRoT-2,1048.839,1.74299673,0.0281,0.97
40,CoRoT-18 b,CoRoT-18,1102.82,1.9000693,0.0295,0.95
41,CoRoT-18 b,CoRoT-18,1039.3041,1.9000693,0.0286,0.861
42,CoRoT-18 b,CoRoT-18,1099.6918,1.9000693,0.0295,0.95
43,CoRoT-18 b,CoRoT-18,1048.839,1.90009,0.0288,0.88
44,GJ 876 d,GJ 876,7.53,1.93774,0.0208067,0.336778
45,GJ 876 d,GJ 876,6.83,1.93778,0.02080665,0.32
46,GJ 876 d,GJ 876,7.49,1.937848,0.02183911,0.37
47,GJ 876 d,GJ 876,7.4,1.93785,0.021,0.334
48,GJ 876 d,GJ 876,5.84804269,1.937916,0.02183,0.369607
49,GJ 876 d,GJ 876,8.06143677,1.938,0.021,0.336778
50,HAT-P-32 b,HAT-P-32,273.322,2.150008,0.0343,1.16
51,HAT-P-32 b,HAT-P-32,216.1244,2.1500082,0.03397,1.132
52,HAT-P-32 b,HAT-P-32,238.3725,2.15000825,0.03427,1.16
53,K2-216 b,K2-216,8,2.1748,0.028,0.7
54,HD 189733 b,HD 189733,371.85923619,2.218,0.031,0.84
55,HD 189733 b,HD 189733,369.63443734,2.218555,0.03126,0.827851
56,HD 189733 b,HD 189733,363.582,2.218573,0.03099,0.806
57,HD 189733 b,HD 189733,356.92309,2.2185752,0.031,0.806
58,HD 189733 b,HD 189733,365.5045,2.21857578,0.03142,0.84
59,HD 189733 b,HD 189733,370.58978,2.218577,0.03106,0.812
60,HD 189733 b,HD 189733,365.49,2.219,0.0313,0.82
61,GJ 436 b,GJ 436,23.1688,2.64385,0.02872,0.452
62,GJ 436 b,GJ 436,22.6603,2.64385,0.0285,0.44
63,GJ 436 b,GJ 436,21.6751,2.643859,0.0278,0.419868
64,GJ 436 b,GJ 436,22.1,2.64388312,0.0291,0.47
65,GJ 436 b,GJ 436,21.23093759,2.643892,0.02849,0.441167
66,GJ 436 b,GJ 436,23.424071,2.64389524,0.02887,0.459
67,GJ 436 b,GJ 436,25.4,2.64389803,0.0308,0.556
68,GJ 436 b,GJ 436,21.3891,2.643943,0.0278,0.419868
69,GJ 436 b,GJ 436,21.36,2.644,0.028,0.419868
70,GJ 436 b,GJ 436,21.294,2.6441,0.0278,0.41
71,GJ 3634 b,GJ 3634,8.4,2.64561,0.0287,0.45
72,HAT-P-16 b,HAT-P-16,1332.605,2.77596,0.0413,1.218
73,HAT-P-16 b,HAT-P-16,1341.56043,2.7759712,0.04134,1.218
74,Kepler-21 b,Kepler-21,10.4,2.785755,0.042507,1.34
75,Kepler-21 b,Kepler-21,5.08,2.78578,0.0427172,1.408
76,Kepler-21 b,Kepler-21,7.5,2.7858212,0.0434,1.408
77,HAT-P-5 b,HAT-P-5,324.1866,2.7884736,0.04073,1.157
78,HAT-P-5 b,HAT-P-5,336.89,2.788491,0.04075,1.16
79,55 Cnc e,55 Cnc,7.4687,2.79674,0.0377,0.9
80,HAT-P-37 b,HAT-P-37,371.528,2.797436,0.0379,0.929
81,HAT-P-37 b,HAT-P-37,381.396,2.797436,0.03793,0.929
82,55 Cnc e,55 Cnc,14.30235,2.808,0.038,0.95
83,HAT-P-30 b,HAT-P-30,225.968,2.810595,0.0419,1.242
84,HAT-P-30 b,HAT-P-30,237.10118,2.810595,0.0419,1.242
85,CoRoT-12 b,CoRoT-12,281.91521,2.828042,0.0394,1.018
86,CoRoT-12 b,CoRoT-12,291.438,2.828042,0.04016,1.078
87,CoRoT-12 b,CoRoT-12,290.81445,2.828042,0.04013,1.078
88,CoRoT-12 b,CoRoT-12,277.46559,2.82805268,0.0392,1
89,HAT-P-20 b,HAT-P-20,2294.7326,2.875316938,0.03593,0.742
90,HAT-P-20 b,HAT-P-20,2302.899,2.875317,0.0361,0.756
91,HAT-P-20 b,HAT-P-20,2310.6241,2.8753186,0.03617,0.756
92,HD 149026 b,HD 149026,103.61258,2.8758911,0.0432,1.3
93,HD 149026 b,HD 149026,113.14748,2.8758911,0.04288,1.271
94,HD 149026 b,HD 149026,102.34126,2.8758916,0.04364,1.34
95,HD 149026 b,HD 149026,114.10097,2.87598,0.04313,1.294
96,HD 149026 b,HD 149026,114.8,2.8766,0.042,1.3
97,HAT-P-3 b,HAT-P-3,189.42668,2.899703,0.03882,0.928
98,HAT-P-3 b,HAT-P-3,190.38017,2.899703,0.03894,0.936
99,HAT-P-3 b,HAT-P-3,193.55847,2.899736,0.03899,0.928
100,HAT-P-3 b,HAT-P-3,187.83,2.899736,0.03866,0.917
101,HAT-P-3 b,HAT-P-3,185.61272,2.899736,0.03842,0.9
102,HAT-P-3 b,HAT-P-3,187.83753,2.899736,0.03871,0.92
103,HAT-P-3 b,HAT-P-3,189.10885,2.89973838,0.03878,0.925
104,HAT-P-13 b,HAT-P-13,285.72917,2.9162383,0.04383,1.32
105,HAT-P-13 b,HAT-P-13,280.64389,2.9162383,0.0427,1.22
106,HAT-P-13 b,HAT-P-13,271.098,2.91626,0.0427,1.22
107,CoRoT-11 b,CoRoT-11,832.7146,2.994325,0.04407,1.27
108,CoRoT-11 b,CoRoT-11,791.3967,2.994325,0.04351,1.23
109,CoRoT-11 b,CoRoT-11,740.51,2.99433,0.0436,1.27
110,CoRoT-11 b,CoRoT-11,743.7222,2.99433,0.044,1.26
111,HAT-P-27 b,HAT-P-27,197.05,3.039577,0.04,0.916
112,HAT-P-27 b,HAT-P-27,195.78328,3.0395824,0.03998,0.92
113,HAT-P-27 b,HAT-P-27,209.759,3.039586,0.0403,0.945
114,HAT-P-4 b,HAT-P-4,208.17865,3.056328,0.0445,1.26
115,HAT-P-4 b,HAT-P-4,216.1244,3.0565195,0.04465,1.271
116,HAT-P-4 b,HAT-P-4,206.90733,3.0565254,0.04449,1.248
117,HAT-P-4 b,HAT-P-4,213.255,3.056536,0.04438,1.248
118,HAT-P-4 b,HAT-P-4,216.1244,3.056536,0.0446,1.26
119,HAT-P-8 b,HAT-P-8,430.34182,3.0763458,0.04496,1.28
120,HAT-P-8 b,HAT-P-8,483.08,3.0763776,0.0487,1.28
121,HD 179949 b,HD 179949,291.12,3.092514,0.0443,1.21
122,HD 179949 b,HD 179949,307.34006957,3.092535,0.04439,1.220173
123,HD 179949 b,HD 179949,266.9772,3.093,0.045,1.24
124,HD 187123 b,HD 187123,166.218,3.0965828,0.0426,1.04
125,HD 187123 b,HD 187123,161.2601,3.0965886,0.04213,1.04
126,HD 187123 b,HD 187123,159.23203191,3.0965971,0.04186,1.020234
127,HD 187123 b,HD 187123,165.26,3.097,0.042,1
128,GJ 581 e,GJ 581,2.48,3.1481,0.02799,0.295
129,GJ 581 e,GJ 581,1.7,3.14867,0.0284533,0.31
130,GJ 581 e,GJ 581,1.7,3.149,0.02815,0.310747
131,GJ 581 e,GJ 581,1.657,3.153,0.029,0.310747
132,HAT-P-22 b,HAT-P-22,682.352,3.21222,0.0414,0.916
133,HAT-P-22 b,HAT-P-22,690.32676,3.21222,0.04142,0.916
134,HAT-P-22 b,HAT-P-22,696.68336,3.21223328,0.04171,0.936
135,HAT-P-12 b,HAT-P-12,66.10864,3.2130589,0.03837,0.73
136,HAT-P-12 b,HAT-P-12,66.235772,3.21305929,0.03838,0.73
137,HAT-P-12 b,HAT-P-12,67.059,3.2130598,0.0384,0.733
138,HAT-P-12 b,HAT-P-12,63.88383,3.21305992,0.03767,0.691
139,Kepler-6 b,Kepler-6,205.63601,3.2346994,0.04448,1.114
140,Kepler-6 b,Kepler-6,212.31044,3.2346996,0.04852,1.209
141,Kepler-6 b,Kepler-6,201.18639,3.234702,0.04438,1.114
142,Kepler-6 b,Kepler-6,212.619,3.234723,0.04567,1.209
143,HAT-P-28 b,HAT-P-28,202.45771,3.257215,0.04337,1.025
144,HAT-P-28 b,HAT-P-28,198.953,3.257215,0.0434,1.025
145,HD 134060 b,HD 134060,10.1,3.2696,0.0444,1.095
146,HAT-P-24 b,HAT-P-24,217.704,3.35524,0.0465,1.191
147,HAT-P-24 b,HAT-P-24,217.71355,3.3552464,0.0465,1.191
148,HAT-P-24 b,HAT-P-24,229.79109,3.3552479,0.04651,1.191
149,HAT-P-33 b,HAT-P-33,242.176,3.474474,0.0499,1.375
150,HAT-P-33 b,HAT-P-33,209.7678,3.474474,0.04995,1.375
151,BD-10 3166 b,BD-10 3166,152.55,3.487,0.046,1.1
152,BD-10 3166 b,BD-10 3166,145.56,3.48777,0.0452,1.01
153,BD-10 3166 b,BD-10 3166,187.5197,3.48777,0.04,1.47
154,BD-10 3166 b,BD-10 3166,142.70495474,3.487905,0.045,0.999531
155,Kepler-8 b,Kepler-8,177.9848,3.52249905,0.04835,1.213
156,Kepler-8 b,Kepler-8,187.5197,3.5224991,0.0474,1.213
157,Kepler-8 b,Kepler-8,187.5197,3.5225047,0.0485,1.23
158,Kepler-8 b,Kepler-8,191.643,3.52254,0.0483,1.213
159,HD 209458 b,HD 209458,197.05,3.5239,0.046,1.03
160,HD 209458 b,HD 209458,217.704,3.524746,0.04707,1.119
161,HD 209458 b,HD 209458,226.93062,3.52474859,0.04747,1.148
162,HD 209458 b,HD 209458,216.76006,3.52474859,0.04707,1.119
163,HD 209458 b,HD 209458,211.35589065,3.52476,0.04634,1.069175
164,HD 209458 b,HD 209458,200.22,3.525,0.0467,1.1
165,CoRoT-23 b,CoRoT-23,972.5598,3.6313,0.04809,1.122
166,CoRoT-23 b,CoRoT-23,982.0947,3.6313,0.0484,1.14
167,CoRoT-23 b,CoRoT-23,889.9,3.6313,0.048,1.14
168,HAT-P-35 b,HAT-P-35,335.62848,3.646706,0.04978,1.236
169,HAT-P-35 b,HAT-P-35,334.979,3.646706,0.0498,1.236
170,HAT-P-25 b,HAT-P-25,180.84527,3.65281514,0.0466,1.012
171,HAT-P-25 b,HAT-P-25,180.202,3.652836,0.0466,1.01
172,HAT-P-25 b,HAT-P-25,180.20961,3.652836,0.04659,1.01
173,CoRoT-7 c,CoRoT-7,8.4,3.698,0.046,0.899
174,CoRoT-7 c,CoRoT-7,13.56,3.7,0.045,0.899
175,CoRoT-17 b,CoRoT-17,781.8618,3.7681,0.0481,1.043
176,CoRoT-17 b,CoRoT-17,772.29,3.7681,0.0461,1.04
177,CoRoT-17 b,CoRoT-17,765.9703,3.7681,0.0481,1.04
178,HAT-P-6 b,HAT-P-6,336.58197,3.852985,0.05237,1.29
179,HAT-P-6 b,HAT-P-6,335.932,3.852985,0.05235,1.29
180,HAT-P-6 b,HAT-P-6,337.85329,3.853003,0.05244,1.295
181,HAT-P-6 b,HAT-P-6,351.51998,3.853003,0.05239,1.29
182,CoRoT-19 b,CoRoT-19,367.09365,3.89713,0.05166,1.21
183,CoRoT-19 b,CoRoT-19,346.4347,3.89713,0.0512,1.181
184,CoRoT-19 b,CoRoT-19,352.78,3.89713,0.0518,1.21
185,HAT-P-9 b,HAT-P-9,238.05467,3.92281072,0.05287,1.281
186,HAT-P-9 b,HAT-P-9,241.86863,3.922814,0.0529,1.28
187,HAT-P-9 b,HAT-P-9,247.27174,3.922814,0.0529,1.28
188,HAT-P-9 b,HAT-P-9,247.9,3.92289,0.053,1.28
189,HAT-P-19 b,HAT-P-19,90.26372,4.008778,0.04664,0.842
190,HAT-P-19 b,HAT-P-19,92.802,4.008778,0.0466,0.842
191,HAT-P-19 b,HAT-P-19,88.03846874,4.00878322,0.04599,0.807
192,K2-295 b,K2-295,106.47305,4.024867,0.0451,0.74
193,CoRoT-13 b,CoRoT-13,415.704,4.03519,0.051,1.09
194,CoRoT-13 b,CoRoT-13,423.03173,4.03519,0.05107,1.09
195,CoRoT-13 b,CoRoT-13,416.99296,4.03519,0.051,1.086
196,CoRoT-5 b,CoRoT-5,149.3801,4.0378962,0.05004,1.025
197,CoRoT-5 b,CoRoT-5,151.92274,4.0378962,0.04963,1
198,CoRoT-5 b,CoRoT-5,148.42,4.0378962,0.04947,1
199,CoRoT-5 b,CoRoT-5,145.88397,4.0379156,0.0495,0.99
200,HD 149143 b,HD 149143,422.7139,4.07182,0.053,1.2
201,HD 149143 b,HD 149143,537.1327,4.072,0.05,1.73
202,HD 149143 b,HD 149143,422.7,4.072,0.053,1.21
203,HD 102195 b,HD 102195,155.73591943,4.079,0.049,0.92
204,HD 149143 b,HD 149143,432.2488,4.088,0.052,1.1
205,HD 102195 b,HD 102195,130.3103,4.11377,0.05,0.76
206,HD 102195 b,HD 102195,155.10104,4.11434,0.0491,0.926
207,HAT-P-21 b,HAT-P-21,1261.7851,4.124481,0.0495,0.947
208,HAT-P-21 b,HAT-P-21,1291.289,4.124481,0.0494,0.947
209,HD 125612 c,HD 125612,15.57359194,4.15466,0.051,1.05
210,HD 125612 c,HD 125612,18,4.1547,0.05,1.091
211,HD 125612 c,HD 125612,17.48065,4.15514,0.0524,1.11
212,HATS-36 b,HATS-36,1022.14128,4.1752387,0.05425,1.222
213,61 Vir b,61 Vir,5.11703735,4.21487,0.04956,0.914072
214,61 Vir b,61 Vir,5.1,4.215,0.050201,0.942
215,51 Peg b,51 Peg,150.009,4.230785,0.0527,1.03
216,51 Peg b,51 Peg,147.47238085,4.2307969,0.05235,1.069296
217,51 Peg b,51 Peg,146.2018,4.231,0.052,1.04
218,HAT-P-26 b,HAT-P-26,18.751,4.234516,0.0479,0.816
219,CoRoT-3 b,CoRoT-3,6814.2752,4.2567994,0.0574,1.37
220,CoRoT-3 b,CoRoT-3,6979.5468,4.2567994,0.05783,1.403
221,CoRoT-3 b,CoRoT-3,6747.5309,4.2567994,0.05694,1.359
222,HAT-P-1 b,HAT-P-1,168.4499,4.46529,0.0551,1.12
223,HAT-P-1 b,HAT-P-1,166.54292,4.4652934,0.05535,1.134
224,HAT-P-1 b,HAT-P-1,169.72122,4.4652934,0.0551,1.12
225,HAT-P-1 b,HAT-P-1,166.86075,4.46529976,0.05561,1.151
226,HAT-P-1 b,HAT-P-1,166.86075,4.46529976,0.0553,1.133
227,HAT-P-1 b,HAT-P-1,169.08556,4.46543,0.0553,1.133
228,HAT-P-14 b,HAT-P-14,724.6524,4.627649,0.0596,1.32
229,HAT-P-14 b,HAT-P-14,709.367,4.627669,0.0606,1.386
230,HAT-P-14 b,HAT-P-14,721.79193,4.6276691,0.06108,1.418
231,HAT-P-14 b,HAT-P-14,731.96249,4.627682,0.06062,1.386
232,HD 156668 b,HD 156668,5.02168883,4.64275,0.05024,0.785167
233,HD 156668 b,HD 156668,4.15,4.6455,0.05,0.772
234,GJ 674 b,GJ 674,11.09,4.6938,0.039,0.35
235,HAT-P-31 b,HAT-P-31,682.38101,5.005425,0.061,1.218
236,HAT-P-31 b,HAT-P-31,689.98,5.005425,0.055,1.218
237,HD 109749 b,HD 109749,85.8141,5.239891,0.0615,1.13
238,HD 109749 b,HD 109749,88.989,5.24,0.0635,1.2
239,HD 109749 b,HD 109749,88.9924,5.24,0.06,1.23
240,HD 20781 b,HD 20781,1.93,5.3135,0.0529,0.7
241,GJ 581 b,GJ 581,16.6,5.366,0.041,0.31
242,GJ 581 b,GJ 581,15.2,5.368,0.041,0.310747
243,GJ 581 b,GJ 581,15.6,5.36841,0.0406163,0.31
244,GJ 581 b,GJ 581,15.8,5.3686,0.04061,0.310747
245,GJ 581 b,GJ 581,20.5,5.3686,0.0399,0.295
246,GJ 581 b,GJ 581,16.2410316,5.36879,0.04099,0.318714
247,HAT-P-34 b,HAT-P-34,1058.3739,5.452654,0.06774,1.392
248,HAT-P-34 b,HAT-P-34,1057.694,5.452654,0.0677,1.392
249,HAT-P-18 b,HAT-P-18,62.29468,5.507978,0.0559,0.77
250,HAT-P-18 b,HAT-P-18,63.566,5.508023,0.05596,0.77
251,HAT-P-18 b,HAT-P-18,62.61,5.508023,0.0559,0.77
252,BD-08 2823 b,BD-08 2823,12.7132,5.6,0.06,0.5
253,BD-08 2823 b,BD-08 2823,14.4,5.6,0.056,0.74
254,HAT-P-2 b,HAT-P-2,2771.4776,5.63332,0.0679,1.308
255,HAT-P-2 b,HAT-P-2,2739.6946,5.63341,0.0677,1.298
256,HAT-P-2 b,HAT-P-2,2873.1832,5.63341,0.0677,1.298
257,HAT-P-2 b,HAT-P-2,2888.95,5.6334729,0.06878,1.36
258,HAT-P-2 b,HAT-P-2,2777.8342,5.6334729,0.0674,1.279
259,HAT-P-2 b,HAT-P-2,2765.121,5.6334754,0.0688,1.36
260,HAT-P-2 b,HAT-P-2,2739.6946,5.6335158,0.06814,1.33
261,HAT-P-29 b,HAT-P-29,247.261,5.723186,0.0667,1.207
262,HAT-P-29 b,HAT-P-29,243.77561,5.72339,0.0665,1.199
263,HAT-P-29 b,HAT-P-29,214.85308,5.72339,0.06669,1.207
264,G 9-40 b,G 9-40,4,5.7459982,0.0418,0.2952
265,G 9-40 b,G 9-40,11.7,5.746007,0.0385,0.29
266,HD 10180 c,HD 10180,13.221728,5.75969,0.06412,1.06
267,HD 10180 c,HD 10180,13.1,5.75979,0.0641,1.06
268,HD 1461 b,HD 1461,6.61083087,5.77142,0.0636,1.03064
269,HD 1461 b,HD 1461,6.44,5.77152,0.0634,1.02
270,HD 1461 b,HD 1461,7.6,5.7727,0.063438,1.018
271,HD 118203 b,HD 118203,677,6.1335,0.07,1.23
272,HD 118203 b,HD 118203,886.7457,6.1335,0.07,1.84
273,HD 118203 b,HD 118203,680.15279098,6.1349779,0.0713,1.27
274,HD 118203 b,HD 118203,725.28442477,6.1349847,0.08635,1.353
275,HD 118203 b,HD 118203,688.41632956,6.134985,0.07071,1.251
276,HD 118203 b,HD 118203,693.50158407,6.134989,0.0701,1.22
277,CoRoT-8 b,CoRoT-8,69.92,6.21229,0.063,0.88
278,CoRoT-8 b,CoRoT-8,68.65128,6.21229,0.0633,0.878
279,CoRoT-8 b,CoRoT-8,69.28694,6.212381,0.06339,0.88
280,CoRoT-8 b,CoRoT-8,69.28694,6.212445,0.0636,0.89
281,HD 168746 b,HD 168746,73.1009,6.403,0.065,0.88
282,HD 168746 b,HD 168746,78.819,6.404,0.0659,0.93
283,HD 168746 b,HD 168746,85.8141,6.404,0.07,1.07
284,HD 168746 b,HD 168746,72.90983657,6.4045,0.06504,0.894854
285,HD 102956 b,HD 102956,305.1168,6.4947,0.0807,1.66
286,HD 102956 b,HD 102956,292.4036,6.4948,0.08,1.59
287,HD 102956 b,HD 102956,305.1,6.495,0.081,1.68
288,HD 185269 b,HD 185269,321.0083,6.83776,0.077,1.3
289,HD 185269 b,HD 185269,346.4347,6.83785,0.08,1.57
290,HD 185269 b,HD 185269,298.75,6.838,0.077,1.28
291,HD 185269 b,HD 185269,327.35,6.8399,0.077,1.33
292,GJ 667 C b,GJ 667 C,5.6,7.2004,0.0505,0.33
293,GJ 433 b,GJ 433,5.3,7.3697,0.06,0.48
294,GJ 433 b,GJ 433,6.043,7.3705,0.062,0.48
295,GJ 433 b,GJ 433,5.79,7.3709,0.058,0.48
296,GJ 433 b,GJ 433,6.3566,7.3709,0.06,0.59
297,K2-229 c,K2-229,21.3,8.32834,0.07577,0.837
298,HD 162020 b,HD 162020,4580,8.428198,0.074,0.75
299,HD 162020 b,HD 162020,3127.4472,8.4282,0.08,0.42
300,Kepler-32 c,Kepler-32,158.9,8.7522,0.09,0.58
301,CoRoT-6 b,CoRoT-6,940.7768,8.886593,0.0855,1.054
302,CoRoT-6 b,CoRoT-6,937.5985,8.886593,0.0854,1.05
303,CoRoT-6 b,CoRoT-6,940.74,8.886593,0.0855,1.05
304,CoRoT-4 b,CoRoT-4,228.83,9.20205,0.09,1.16
305,CoRoT-4 b,CoRoT-4,232.33373,9.20205,0.0912,1.194
306,CoRoT-4 b,CoRoT-4,223.43449,9.20205,0.09025,1.16
307,CoRoT-20 b,CoRoT-20,1608.2198,9.24285,0.0892,1.11
308,CoRoT-20 b,CoRoT-20,1366.669,9.24285,0.09,1.14
309,CoRoT-20 b,CoRoT-20,1347.54,9.24285,0.0902,1.14
310,CoRoT-20 b,CoRoT-20,1344.4209,9.24285,0.0901,1.14
311,CoRoT-20 b,CoRoT-20,1315.8162,9.24318,0.0891,1.1
312,HD 181433 b,HD 181433,7.5,9.3743,0.08,0.78
313,HD 181433 b,HD 181433,6.3566,9.3743,0.08,0.63
314,HD 181433 b,HD 181433,7.08757348,9.3745,0.0801,0.78
315,HD 181433 b,HD 181433,7.42102,9.37459,0.08013,0.81
316,HD 160691 d,HD 160691,14,9.55,0.09,1.1
317,HD 160691 d,HD 160691,10.17,9.6369,0.09286,1.03
318,HD 160691 d,HD 160691,10.5547,9.6386,0.09094,1.08
319,HD 125595 b,HD 125595,13.134,9.6737,0.0809,0.756
320,HD 125595 b,HD 125595,6.3566,9.6737,0.08,0.29
321,HAT-P-17 b,HAT-P-17,170.67471,10.338523,0.0882,0.857
322,HAT-P-17 b,HAT-P-17,169.71,10.338523,0.0882,0.857
323,HD 130322 b,HD 130322,330.53,10.7085,0.0896,0.836
324,HD 130322 b,HD 130322,365.18483964,10.70867,0.0929,0.932783
325,HD 130322 b,HD 130322,365.49,10.70871,0.0925,0.92
326,HD 130322 b,HD 130322,324.1866,10.72,0.088,0.79
327,HD 130322 b,HD 130322,346.43296363,10.721,0.09,0.85
328,Kepler-20 c,Kepler-20,11.1,10.8540774,0.0936,0.929
329,Kepler-20 c,Kepler-20,12.75,10.85409089,0.0949,0.948
330,Kepler-20 c,Kepler-20,16.1,10.854092,0.093,0.912
331,Kepler-20 c,Kepler-20,13.55003079,10.85409784,0.0940486658,0.942
332,HAT-P-15 b,HAT-P-15,619.45067,10.863502,0.0965,1.013
333,HAT-P-15 b,HAT-P-15,618.471,10.863502,0.0964,1.013
334,HD 108147 b,HD 108147,82.95,10.8985,0.102,1.22
335,HD 108147 b,HD 108147,127.132,10.901,0.104,1.27
336,HD 136352 b,HD 136352,4.62,11.57779,0.0969,0.906
337,HD 136352 b,HD 136352,4.72,11.57797,0.0964,0.87
338,HD 136352 b,HD 136352,4.81,11.5824,0.0934,0.81
339,HD 20003 b,HD 20003,11.66,11.8482,0.0974,0.875
340,Kepler-24 c,Kepler-24,508.5,12.3335,0.106,1.03
341,GJ 581 c,GJ 581,5.5,12.914,0.0721,0.310747
342,GJ 581 c,GJ 581,5.05347167,12.9144,0.07359,0.318714
343,GJ 581 c,GJ 581,5.652,12.919,0.074,0.310747
344,GJ 581 c,GJ 581,5.6,12.9191,0.072993,0.31
345,GJ 581 c,GJ 581,6.81,12.9211,0.0718,0.295
346,CoRoT-10 b,CoRoT-10,867.6759,13.2406,0.1055,0.89
347,CoRoT-10 b,CoRoT-10,883.5674,13.2406,0.106,0.904
348,CoRoT-10 b,CoRoT-10,874,13.2406,0.1055,0.89
349,Kepler-29 c,Kepler-29,95.3,13.2907,0.11,1
350,HD 1461 c,HD 1461,7.05579064,13.504,0.1121,1.03064
351,HD 1461 c,HD 1461,5.59,13.5052,0.1117,1.02
352,HD 20781 c,HD 20781,5.33,13.8905,0.1004,0.7
353,HD 13808 b,HD 13808,11.2,14.1815,0.10519,0.771
354,55 Cnc b,55 Cnc,266.966,14.465314,0.11339,0.9
355,HD 179079 b,HD 179079,27.5,14.476,0.1216,1.146
356,HD 179079 b,HD 179079,31.783,14.476,0.12,1.53
357,HD 179079 b,HD 179079,25.74423,14.479,0.1214,1.14
358,55 Cnc b,55 Cnc,266.9772,14.648,0.11,0.85
359,55 Cnc b,55 Cnc,254.25,14.651,0.1134,0.9
360,55 Cnc b,55 Cnc,260.61,14.65126,0.1138,0.9
361,55 Cnc b,55 Cnc,263.9785,14.65152,0.11522725,0.95
362,55 Cnc b,55 Cnc,255.4,14.6516,0.1134,0.905
363,55 Cnc b,55 Cnc,261.881,14.65162,0.115,0.9
364,55 Cnc b,55 Cnc,267.29369029,14.65171,0.1162,0.974708
365,55 Cnc b,55 Cnc,266.9772,14.653,0.115,0.95
366,55 Cnc b,55 Cnc,249.17872,14.67,0.115,0.95
367,K2-222 b,K2-222,8.7,15.38857,0.1206,0.989
368,HD 73344 b,HD 73344,12.43,15.604,0.1296,1.19
369,HD 73344 b,HD 73344,10.48,15.611,0.131,1.2
370,GJ 86 b,GJ 86,1284.0332,15.764,0.114,0.8
371,GJ 86 b,GJ 86,1404.8086,15.76491,0.11,0.93
372,GJ 86 b,GJ 86,1242.66,15.76491,0.113,0.77
373,EPIC 229004835 b,EPIC 229004835,10.4,16.141132,0.1237,0.97
374,HD 10180 d,HD 10180,12.013974,16.357,0.12859,1.06
375,HD 10180 d,HD 10180,11.75,16.3579,0.1286,1.06
376,HD 190360 c,HD 190360,18.116,17.1,0.128,0.96
377,HD 190360 c,HD 190360,19.069,17.111,0.1304,0.98
378,HD 190360 c,HD 190360,21.45341747,17.11704,0.1294,0.986343
379,HD 16417 b,HD 16417,22.1,17.24,0.14,1.2
380,HD 195019 b,HD 195019,1102.82,18.2,0.13,1.03
381,HD 195019 b,HD 195019,1166.39,18.2008,0.138,1.06
382,HD 195019 b,HD 195019,1161.66282759,18.201228,0.1376,1.049075
383,HD 195019 b,HD 195019,1172.7,18.20132,0.1388,1.07
384,HD 195019 b,HD 195019,1264.9634,18.20132,0.14,1.21
385,HD 195019 b,HD 195019,1175.92,18.20163,0.1388,1.03
386,HD 20794 b,HD 20794,2.15,18.314,0.1257,0.79
387,HD 20794 b,HD 20794,2.7,18.315,0.1207,0.7
388,HD 20794 b,HD 20794,2.82,18.33,0.127,0.813
389,K2-280 b,K2-280,37.1,19.89526,0.1461,1.03
390,HD 102117 b,HD 102117,44.4962,20.67,0.149,1.03
391,HD 102117 b,HD 102117,57.2094,20.8,0.15,0.95
392,HD 102117 b,HD 102117,54.664,20.8079,0.1532,1.01
393,HD 102117 b,HD 102117,54.0311,20.8133,0.15,1.06
394,HD 102117 b,HD 102117,54.664,20.8133,0.1532,1.11
395,HD 17156 b,HD 17156,991.59,21.2,0.15,1.2
396,HD 17156 b,HD 17156,1028.18005,21.216398,0.16278,1.275
397,HD 17156 b,HD 17156,1036.76146,21.216398,0.1637,1.297
398,HD 17156 b,HD 17156,1023.37,21.21663,0.1614,1.24
399,HD 17156 b,HD 17156,1004.3428,21.2167,0.1607,1.23
400,HD 192263 b,HD 192263,200.23189641,23.646,0.146,0.74
401,HD 192263 b,HD 192263,228.83,24.348,0.15,0.75
402,HD 192263 b,HD 192263,177.9848,24.3556,0.15,0.66
403,HD 192263 b,HD 192263,203.72,24.3556,0.1532,0.81
404,HD 192263 b,HD 192263,232.96,24.3587,0.15312,0.807
405,HD 192263 b,HD 192263,209.13109181,24.3597,0.154,0.820538
406,HD 117618 b,HD 117618,55.30242,25.8,0.18,1.077
407,HD 117618 b,HD 117618,50.8528,25.8,0.17,1.05
408,HD 117618 b,HD 117618,56.6,25.827,0.176,1.1
409,HD 117618 b,HD 117618,60.3877,25.827,0.17,1.17
410,HD 136352 c,HD 136352,10.8,27.5821,0.1666,0.81
411,HD 136352 c,HD 136352,11.29,27.5909,0.1729,0.906
412,HD 136352 c,HD 136352,11.24,27.59221,0.1721,0.87
413,GJ 667 C c,GJ 667 C,3.8,28.14,0.125,0.33
414,GJ 876 c,GJ 876,266.2,30.0784,0.135989,0.37
415,GJ 876 c,GJ 876,226.9846,30.0881,0.12959,0.32
416,GJ 876 c,GJ 876,177.98,30.12,0.13,0.336778
417,GJ 876 c,GJ 876,281.74196543,30.126,0.134,0.336778
418,GJ 876 c,GJ 876,221.84422809,30.22902,0.1363,0.369607
419,GJ 876 c,GJ 876,273.32,30.259,0.132,0.334
420,GJ 876 c,GJ 876,251.075,30.455,0.13065,0.336778
421,HD 20003 c,HD 20003,14.44,33.9239,0.1964,0.875
422,HD 204313 c,HD 204313,17.6,34.905,0.2099,1.02
423,HD 204313 c,HD 204313,17.16273398,34.95875,0.211,1.03
424,HD 11964 c,HD 11964,25,37.91,0.229,0.91
425,HD 11964 c,HD 11964,24.34565598,37.9196,0.2315,1.151343
426,61 Vir c,61 Vir,18.2,38.021,0.2175,0.942
427,61 Vir c,61 Vir,16.11390023,38.0957,0.2151,0.914072
428,55 Cnc c,55 Cnc,68.96911,43.93,0.24,0.95
429,HD 147018 b,HD 147018,674,44.236,0.2388,0.927
430,55 Cnc c,55 Cnc,53.711,44.3446,0.24,0.9
431,55 Cnc c,55 Cnc,56.6985,44.373,0.23735,0.9
432,55 Cnc c,55 Cnc,52.44,44.3787,0.238,0.9
433,55 Cnc c,55 Cnc,52.44,44.38,0.237,0.9
434,55 Cnc c,55 Cnc,54.3486576,44.3827,0.2432,0.974708
435,55 Cnc c,55 Cnc,51.2,44.3989,0.2373,0.905
436,55 Cnc c,55 Cnc,54.4738,44.4175,0.241376,0.95
437,HD 103197 b,HD 103197,28.6047,47.84,0.25,0.8
438,HD 103197 b,HD 103197,31.2,47.84,0.249,0.9
439,HD 107148 b,HD 107148,66.741,48.056,0.269,1.12
440,HD 10180 e,HD 10180,25.1,49.745,0.2699,1.06
441,HD 10180 e,HD 10180,25.585315,49.748,0.2699,1.06
442,K2-263 b,K2-263,14.8,50.818947,0.2573,0.88
443,K2-263 b,K2-263,14.9,50.818947,0.2573,0.88
444,HD 13808 c,HD 13808,9.96,53.753,0.2554,0.771
445,HD 104067 b,HD 104067,50.8528,55.806,0.26,0.62
446,HD 104067 b,HD 104067,58.985,55.806,0.2643,0.791
447,HD 104067 b,HD 104067,64.51916662,55.828,0.2673,0.817543
448,HD 104067 b,HD 104067,62.1,55.851,0.2674,0.82
449,HD 168443 b,HD 168443,2517.20098344,58.11159,0.2977,1.042438
450,HD 168443 b,HD 168443,2424.3950886,58.11187,0.292,0.98
451,HD 168443 b,HD 168443,2545.8183,58.11212,0.3,0.98
452,HD 168443 b,HD 168443,2434.157,58.11247,0.2931,0.995
453,HD 168443 b,HD 168443,2548.89,58.11289,0.3,0.98
454,GJ 876 b,GJ 876,804.076,60.83,0.20774,0.336778
455,GJ 876 b,GJ 876,670.59,60.85,0.21,0.336778
456,GJ 876 b,GJ 876,600.67,61.02,0.208,0.336778
457,GJ 876 b,GJ 876,672.20708081,61.03474,0.2177,0.369607
458,GJ 876 b,GJ 876,839.04,61.065,0.211,0.334
459,GJ 876 b,GJ 876,887.69135194,61.082,0.214,0.336778
460,GJ 876 b,GJ 876,845.3,61.087,0.218585,0.37
461,GJ 876 b,GJ 876,723.2235,61.1166,0.208317,0.32
462,HD 121504 b,HD 121504,479.9233,63.33,0.33,1.62
463,HD 121504 b,HD 121504,388,63.33,0.33,1.18
464,HD 109246 b,HD 109246,273.3338,68.27,0.33,1.2
465,HD 109246 b,HD 109246,244.72,68.27,0.33,1.01
466,HD 101930 b,HD 101930,95.34,70.46,0.302,0.74
467,HD 101930 b,HD 101930,79.4575,70.46,0.3,0.57
468,HD 178911 B b,HD 178911 B,2247.04683749,71.479,0.3399,1.02556
469,HD 178911 B b,HD 178911 B,2234.25,71.484,0.339,1.014
470,HD 178911 B b,HD 178911 B,2552.1749,71.484,0.34,1.24
471,HD 178911 B b,HD 178911 B,2336.0505,71.511,0.345,1.06
472,HD 192310 b,HD 192310,14.33406116,74.062,0.3262,0.844324
473,HD 192310 b,HD 192310,21.6,74.39,0.319,0.85
474,HD 192310 b,HD 192310,16.9,74.72,0.32,0.8
475,HD 163607 b,HD 163607,251.0857,75.195,0.362,1.12
476,HD 163607 b,HD 163607,249.051588,75.2203,0.362,1.12
477,HD 163607 b,HD 163607,244.72,75.29,0.36,1.09
478,HD 16141 b,HD 16141,79.45710175,75.455,0.3609,1.101155
479,HD 16141 b,HD 16141,82.6358,75.523,0.36,1.11
480,HD 16141 b,HD 16141,82.6,75.523,0.363,1.12
481,HD 107148 b,HD 107148,64.51916662,77.181,0.3668,1.105215
482,HD 20794 d,HD 20794,3.52,88.9,0.364,0.813
483,HD 20794 d,HD 20794,2.98,89.68,0.3625,0.79
484,HD 20794 d,HD 20794,4.8,90.309,0.3499,0.7
485,CoRoT-9 b,CoRoT-9,266.9772,95.272656,0.4021,0.96
486,CoRoT-9 b,CoRoT-9,268.88418,95.272656,0.4029,0.96
487,CoRoT-9 b,CoRoT-9,266.97,95.2738,0.407,0.99
488,CoRoT-9 b,CoRoT-9,262.52758,95.2738,0.4027,0.96
489,HD 145377 b,HD 145377,1913.3366,103.95,0.45,1.2
490,HD 145377 b,HD 145377,1830.624,103.95,0.45,1.12
491,HD 136352 d,HD 136352,8.82,107.245,0.425,0.87
492,HD 136352 d,HD 136352,8.58,107.5983,0.4128,0.81
493,HD 136352 d,HD 136352,10.5,107.63,0.4285,0.906
494,HD 177830 c,HD 177830,47.6725,110.9,0.5137,1.47
495,HD 177830 c,HD 177830,33.05415433,111.163,0.496,1.319406
496,70 Vir b,70 Vir,2357.02728,116.688,0.481,1.09
497,70 Vir b,70 Vir,2380.45,116.6884,0.484,1.11
498,70 Vir b,70 Vir,2421.8646,116.6884,0.48,1.14
499,70 Vir b,70 Vir,2351.942,116.6926,0.481,1.09
500,70 Vir b,70 Vir,2297.89938261,116.69335,0.4765,1.06055
501,HD 102365 b,HD 102365,16,122.1,0.46,0.85
502,HD 10180 f,HD 10180,22.947326,122.744,0.4929,1.06
503,HD 10180 f,HD 10180,23.9,122.76,0.4929,1.06
504,61 Vir d,61 Vir,22.9,123.01,0.476,0.942
505,GJ 876 e,GJ 876,14.6,124.26,0.3343,0.32
506,GJ 876 e,GJ 876,18.00115332,124.4,0.345,0.336778
507,GJ 876 e,GJ 876,16.58,124.5,0.3514,0.37
508,HD 102272 b,HD 102272,1570.0802,127.58,0.51,1.45
509,HD 102272 b,HD 102272,1875.1,127.58,0.614,1.9
510,HD 208487 b,HD 208487,152.55,129.97,0.51,1.05
511,HD 208487 b,HD 208487,143.02,130,0.49,0.95
512,HD 208487 b,HD 208487,165.265,130.08,0.524,1.13
513,HD 156279 b,HD 156279,3140.1604,131.05,0.49,0.95
514,HD 156279 b,HD 156279,3086,131.05,0.495,0.93
515,HD 156279 b,HD 156279,3019.3698665,133.4031,0.5041,0.959814
516,HD 156279 b,HD 156279,2997.75753482,133.40355,0.502,0.94
517,GJ 3021 b,GJ 3021,1071.04,133.71,0.49,0.9
518,HD 100655 b,HD 100655,540.3,157.57,0.76,2.4
519,HD 100655 b,HD 100655,511.7063,157.57001,0.68,2.28
520,HD 154672 b,HD 154672,1600,163.9,0.6,1.03
521,HD 154672 b,HD 154672,1706.7471,163.94,0.6,1.18
522,HD 154672 b,HD 154672,1503.3359,163.967,0.59,1.08
523,HD 11506 c,HD 11506,260.61,170.455,0.639,1.12
524,HD 145457 b,HD 145457,888.01256916,176.13,0.762,1.9
525,HD 145457 b,HD 145457,708.7609,176.3,0.76,1.23
526,HD 145457 b,HD 145457,921.668,176.3,0.76,1.9
527,14 And b,14 And,1525.5,185.84,0.83,2.2
528,14 And b,14 And,1131.15130051,186.76,0.775,1.78
529,HD 155358 b,HD 155358,270,194.3,0.64,0.92
530,HD 155358 b,HD 155358,314.6517,194.3,0.63,1.15
531,HD 104985 b,HD 104985,2637.9,199.505,0.95,2.3
532,HD 104985 b,HD 104985,1766.80811451,199.68,0.715,1.22
533,HD 11506 c,HD 11506,129.67464,223.41,0.774,1.24
534,HD 11506 c,HD 11506,114.41,223.6,0.721,1.24
535,HD 11506 c,HD 11506,127.1313628,223.92,0.771,1.22
536,HD 11506 c,HD 11506,117.27868218,223.95986,0.75,1.12
537,HD 169830 b,HD 169830,915.31,225.62,0.81,1.4
538,HD 169830 b,HD 169830,804.42369812,225.67372,0.765,1.17
539,HD 169830 b,HD 169830,939.50077109,225.789,0.813,1.406679
540,HD 169830 b,HD 169830,934.4202,229.9,0.82,1.4
541,BD-08 2823 c,BD-08 2823,104,237.6,0.68,0.74
542,HD 12661 b,HD 12661,886.7457,252.7,0.79,1.07
543,HD 134987 b,HD 134987,511.7063,258.17999,0.81,1.1
544,HD 134987 b,HD 134987,505,258.19,0.81,1.1
545,HD 134987 b,HD 134987,516.15333297,258.251,0.818,1.092644
546,HD 134987 b,HD 134987,514.9,258.31,0.82,1.1
547,55 Cnc f,55 Cnc,47.8,259.88,0.7708,0.905
548,55 Cnc f,55 Cnc,45.766,260,0.781,0.9
549,55 Cnc f,55 Cnc,44.812,260.7,0.775,0.9
550,55 Cnc f,55 Cnc,47.0051,260.91,0.7733,0.9
551,55 Cnc f,55 Cnc,46.87969003,260.98,0.792,0.974708
552,55 Cnc f,55 Cnc,54.664,261.2,0.77,0.9
553,55 Cnc f,55 Cnc,44.812,262,0.788,0.95
554,HD 12661 b,HD 12661,725.60225318,262.36,0.824,1.084826
555,HD 12661 b,HD 12661,743.7,262.53,0.831,1
556,HD 12661 b,HD 12661,772.3269,262.70862,0.84,1.2
557,HD 12661 b,HD 12661,731,262.709,0.831,1
558,HD 12661 b,HD 12661,691.569,262.709,0.8079,1.02
559,HD 113538 b,HD 113538,85.81,263.3,0.71,0.7
560,HD 134987 b,HD 134987,518.0629,264.6,0.82,1.05
561,BD+14 4559 b,BD+14 4559,467.19,268.94,0.777,0.86
562,BD+14 4559 b,BD+14 4559,330.5432,268.94,0.78,0.49
563,4 UMa b,4 UMa,2256.5,269.3,0.87,1.234
564,4 UMa b,4 UMa,2511.48007211,270.27,0.877,1.234
565,HD 205739 b,HD 205739,435.41,279.8,0.896,1.22
566,HD 164509 b,HD 164509,140.79869,280.17,0.87,1.12
567,HD 164509 b,HD 164509,152.55,282.4,0.875,1.13
568,HD 175541 b,HD 175541,228.8376,297.29999,0.96,2.12
569,HD 175541 b,HD 175541,193.87,297.3,1.03,1.65
570,HD 175541 b,HD 175541,190.06234,298.43,0.975,1.39
571,HD 175541 b,HD 175541,183.38699084,299.05,0.99,1.449242
572,HD 160691 e,HD 160691,152.552,307.475,0.934,1.03
573,HD 160691 e,HD 160691,165.8685,310.55,0.921,1.08
574,HD 173416 b,HD 173416,585.12209729,322.03,1.158,2
575,HD 173416 b,HD 173416,858.1,323.6,1.16,2
576,HD 137388 b,HD 137388,70.8731,330,0.89,0.86
577,HD 137388 b,HD 137388,63.566,330,0.89,0.68
578,HD 148427 b,HD 148427,413.179,331.5,1.04,1.64
579,HD 148427 b,HD 148427,310,331.5,0.93,1.45
580,30 Ari B b,30 Ari B,3140.03,335.1,0.995,1.16
581,30 Ari B b,30 Ari B,4392.4106,335.10001,0.99,1.93
582,HD 142 b,HD 142,327.35,339,1,1.15
583,HD 192699 b,HD 192699,666.17168,340.94,1.063,1.38
584,30 Ari B b,30 Ari B,2097.678,345.4,1.01,1.16
585,HD 192699 b,HD 192699,737.3656,345.53,1.12,1.61
586,HD 192699 b,HD 192699,762.76,345.53,1.15,1.69
587,HD 142 b,HD 142,397.27,349.7,1.02,1.232
588,HD 142 b,HD 142,416.34,350.3,1.045,1.24
589,HD 142 b,HD 142,396.96768034,351.43394,1.039,1.21
590,HD 192699 b,HD 192699,794.5,351.5,1.16,1.68
591,HD 210702 b,HD 210702,481.5100366,355.5,1.079,1.33
592,HD 156846 b,HD 156846,3321.3235,359.51,0.993,1.43
593,HD 156846 b,HD 156846,3391.2461,359.51001,1.12,1.38
594,HD 156846 b,HD 156846,3359.32,359.5546,1.096,1.35
595,HD 17092 b,HD 17092,3219.6179,359.89999,1.31,6.73
596,BD+20 2457 b,BD+20 2457,6807.63,379.63,1.45,2.8
597,BD+20 2457 b,BD+20 2457,17668.1697,379.63,1.05,10.83
598,HD 20868 b,HD 20868,632.46,380.85,0.947,0.78
599,HD 20868 b,HD 20868,397.2875,380.85001,0.95,0.39
600,HD 100777 b,HD 100777,390.92894061,383,1.06,1.08
601,HD 100777 b,HD 100777,368.67,383.7,1.03,1.01
602,HD 100777 b,HD 100777,327.3649,383.70001,1.03,0.83
603,HD 142415 b,HD 142415,530.7761,386.29999,1.06,1.07
604,HD 142415 b,HD 142415,515,386.3,1.05,1.03
605,HD 155358 c,HD 155358,261,391.9,1.02,0.92
606,BD+48 738 b,BD+48 738,289.2253,392.6,1,0.74
607,HD 108874 b,HD 108874,426,394.48,1.053,0.97
608,HD 108874 b,HD 108874,451.3186,394.48123,1.04,1.1
609,HD 108874 b,HD 108874,419.53349724,395.38,1.052,0.995578
610,HD 108874 b,HD 108874,432.23,395.4,1.051,0.99
611,HD 108874 b,HD 108874,409.98,395.8,1.038,0.95
612,HD 108874 b,HD 108874,543.47,397.5,1.06,1
613,HD 177830 b,HD 177830,473.547,406.6,1.2218,1.47
614,HD 177830 b,HD 177830,428.43269264,407.37,1.18,1.319406
615,HD 154857 b,HD 154857,711.91,408.6,1.291,1.718
616,HD 154857 b,HD 154857,778.6835,408.60001,1.29,1.96
617,HD 154857 b,HD 154857,570,409,1.2,0.99
618,HD 177830 b,HD 177830,537.1327,410.10001,1.14,1.7
619,HD 167042 b,HD 167042,540.311,412.6,1.3,1.64
620,HD 167042 b,HD 167042,444.00628458,417.67,1.22,1.39
621,HD 167042 b,HD 167042,505.34716713,418.17,1.304,1.690936
622,HD 167042 b,HD 167042,540.29,420.77,1.32,1.72
623,HD 128311 b,HD 128311,816.79,422,1.02,0.8
624,HD 1502 b,HD 1502,874.0325,428.5,1.262,1.46
625,gam1 Leo b,gam1 Leo,2790.43,428.5,1.19,1.23
626,HAT-P-13 c,HAT-P-13,4830.8,428.5,1.188,1.22
627,HD 1502 b,HD 1502,985.2,431.8,1.31,1.61
628,HD 210277 b,HD 210277,406.81,437,1.1,0.92
629,HD 108863 b,HD 108863,767.24162,437.7,1.32,1.59
630,HD 210277 b,HD 210277,390.91,442.1,1.1,0.92
631,HD 210277 b,HD 210277,410.0007,442.19,1.13,1.01
632,HD 210277 b,HD 210277,409.98,442.19,1.138,1.01
633,HD 210277 b,HD 210277,392.83591105,442.943,1.123,0.963925
634,HD 108863 b,HD 108863,902.6372,443.39999,1.45,2.17
635,HD 108863 b,HD 108863,826.3,443.4,1.4,1.85
636,HAT-P-13 c,HAT-P-13,4643.3,445.82,1.258,1.32
637,24 Sex b,24 Sex,632.46,452.8,1.333,1.54
638,HD 128311 b,HD 128311,562.24127,453.019,1.084,0.828
639,HD 128311 b,HD 128311,635.656814,453.28,1.088,0.837059
640,HD 128311 b,HD 128311,460.83,454.2,1.086,0.828
641,HD 188015 b,HD 188015,400.45,456.46,1.19,1.08
642,HD 128311 b,HD 128311,692.84,458.6,1.099,0.84
643,HD 188015 b,HD 188015,476.72,461.2,1.203,1.09
644,HD 188015 b,HD 188015,462.12250378,462.59,1.187,1.042676
645,HD 136418 b,HD 136418,680.1562,464.29999,1.29,1.48
646,HD 136418 b,HD 136418,635.633,464.3,1.32,1.33
647,HD 19994 b,HD 19994,435.41,466.2,1.305,1.365
648,HD 13189 b,HD 13189,3480.2385,471.60001,1.25,2.24
649,HD 180902 b,HD 180902,495.8148,479,1.38,1.52
650,HD 180902 b,HD 180902,508.507,479,1.39,1.52
651,HD 114783 b,HD 114783,328.31674443,492.56,1.164,0.866925
652,HD 114783 b,HD 114783,349.6,493.7,1.16,0.853
653,HD 114783 b,HD 114783,328.6,496.9,1.169,0.85
654,HD 153950 b,HD 153950,937.5985,499.39999,1.28,1.25
655,HD 153950 b,HD 153950,867.639,499.4,1.28,1.12
656,HD 114783 b,HD 114783,317.83,501,1.2,0.92
657,HD 125612 b,HD 125612,1112.405,510,1.2,1.1
658,HD 180902 b,HD 180902,535.54355,510.9,1.4,1.41
659,11 UMi b,11 UMi,4684.8142,516.21997,1.53,2.78
660,11 UMi b,11 UMi,3337.07,516.22,1.54,1.8
661,HD 158038 b,HD 158038,572.1,521,1.52,1.65
662,HD 158038 b,HD 158038,486.2799,521,1.5,1.3
663,HD 192310 c,HD 192310,24,525.8,1.18,0.8
664,HD 147513 b,HD 147513,385,528.4,1.32,1.11
665,HD 1690 b,HD 1690,1938.68,533,1.3,1.09
666,HD 1690 b,HD 1690,2793.7257,533,1.36,1.86
667,HD 19994 b,HD 19994,533.9544,535.7,1.42,1.34
668,HD 171028 b,HD 171028,832.7146,550,1.32,1.53
669,HD 125612 b,HD 125612,985.273,557.04,1.372,1.11
670,HD 125612 b,HD 125612,945.22168242,557.69994,1.349,1.05
671,HD 125612 b,HD 125612,968,559.4,1.37,1.091
672,HD 125612 b,HD 125612,1026.5909,559.40485,1.37,1.19
673,HD 181342 b,HD 181342,921.707,562.1,1.65,1.89
674,HD 181342 b,HD 181342,807.2882,564.1,1.592,1.69
675,HD 20782 b,HD 20782,232.01,577.9,1.359,1.04
676,eps Tau b,eps Tau,2285.18624633,585.82,1.878,2.57
677,HD 20782 b,HD 20782,572.07,585.86,1.36,1
678,HD 20782 b,HD 20782,619.7685,591.90002,1.37,1.07
679,eps Tau b,eps Tau,2415.406,594.9,1.93,2.7
680,HD 20782 b,HD 20782,472.83,597.0643,1.3649,1.04
681,HD 20782 b,HD 20782,454.4969,597.065,1.397,1.02
682,GJ 649 b,GJ 649,104.244,598.3,1.135,0.54
683,GJ 649 b,GJ 649,81.99972901,600.1,1.112,0.51
684,HD 10180 g,HD 10180,21.4,601.2,1.422,1.06
685,HD 10180 g,HD 10180,23.265156,604.67,1.427,1.06
686,GJ 649 b,GJ 649,87.40281192,604.8,1.1325,0.529834
687,HD 200964 b,HD 200964,508.21017,606.3,1.565,1.39
688,HD 164604 b,HD 164604,858.105,606.4,1.3,0.8
689,HD 206610 b,HD 206610,813.6448,610,1.54,1.93
690,HD 206610 b,HD 206610,699.197,610,1.68,1.56
691,HD 200964 b,HD 200964,721.4741,613.79999,1.64,1.97
692,HD 200964 b,HD 200964,587.96,613.8,1.601,1.44
693,HD 11977 b,HD 11977,2065.895,621.6,1.89,2.31
694,BD+20 2457 c,BD+20 2457,3963.17,621.99,2.01,2.8
695,HD 183263 b,HD 183263,1103.1824007,624.87404,1.46,1.06
696,HD 183263 b,HD 183263,1177.23641953,625.09,1.508,1.170583
697,HD 183263 b,HD 183263,1155.263,625.1,1.486,1.06
698,HD 183263 b,HD 183263,1166.39,626.5,1.51,1.06
699,HD 183263 b,HD 183263,1255.4285,626.51599,1.49,1.31
700,HD 183263 b,HD 183263,1172.74,634.23,1.52,1.17
701,HD 183263 b,HD 183263,1214.1,635.4,1.525,1.06
702,HD 160691 b,HD 160691,540.311,637,1.5,1.08
703,HD 164604 b,HD 164604,635,641.472,1.331,0.77
704,HD 160691 b,HD 160691,532.68308,643.25,1.497,1.08
705,HD 160691 b,HD 160691,530.75,645.5,1.5,1.08
706,HD 160691 b,HD 160691,532.978,646.485,1.535,1.03
707,HD 141937 b,HD 141937,3079.7727,653.21997,1.5,1.09
708,HD 141937 b,HD 141937,3080,653.22,1.52,1.1
709,HD 141937 b,HD 141937,2960.78,653.22,1.4877,1.03
710,BD-17 63 b,BD-17 63,905.8155,655.59998,1.34,0.31
711,BD-17 63 b,BD-17 63,1620.9,655.6,1.34,0.74
712,HD 181342 b,HD 181342,1048.79,663,1.78,1.84
713,HD 181342 b,HD 181342,1204.5757,663,1.78,2.25
714,HD 113538 b,HD 113538,114.41,663.2,1.24,0.585
715,HD 116029 b,HD 116029,667.4,670,1.78,1.58
716,HD 116029 b,HD 116029,444.962,670,1.65,0.83
717,HD 206610 b,HD 206610,647.10188,673.2,1.74,1.55
718,HD 152581 b,HD 152581,594.02427,686.5,1.66,1.3
719,HD 152581 b,HD 152581,476.7,689,1.48,0.927
720,HD 152581 b,HD 152581,724.6524,689,1.49,1.72
721,GJ 317 b,GJ 317,794.5,692,1.15,0.42
722,GJ 317 b,GJ 317,381.4,692.9,0.95,0.26
723,GJ 317 b,GJ 317,588.93603817,695.36,1.18,0.453271
724,GJ 317 b,GJ 317,557.1,695.66,1.151,0.42
725,HD 11977 b,HD 11977,2080,711,1.93,1.91
726,7 CMa b,7 CMa,587.9855,735.1,1.758,1.34
727,HD 160691 b,HD 160691,626.1251,743,1.65,1.08
728,7 CMa b,7 CMa,826.3,763,1.9,1.52
729,HD 18742 b,HD 18742,1080.622,766,1.82,1.36
730,HD 18742 b,HD 18742,1185.5059,772,1.98,2.58
731,HD 18742 b,HD 18742,858.1,772,1.92,1.6
732,HD 102329 b,HD 102329,2593.4928,778.09998,1.81,3.21
733,HD 102329 b,HD 102329,1875.1,778.1,2.03,1.95
734,16 Cyg B b,16 Cyg B,533.9544,798.5,1.681,0.99
735,16 Cyg B b,16 Cyg B,565.7374,798.5,1.66,1.08
736,16 Cyg B b,16 Cyg B,556.83536906,799.45,1.676,0.982996
737,16 Cyg B b,16 Cyg B,533.93,799.5,1.68,1.03
738,16 Cyg B b,16 Cyg B,476.7,800.8,1.6,1
739,HD 200964 c,HD 200964,284.446,825,1.95,1.44
740,HD 110014 b,HD 110014,3524.59,835.477,2.14,2.17
741,HD 156411 b,HD 156411,235.18,842.2,1.88,1.25
742,HD 200964 c,HD 200964,385.84562,852.5,1.96,1.39
743,6 Lyn b,6 Lyn,702.4043,874.774,2.18,1.82
744,24 Sex c,24 Sex,273.32,883,2.08,1.54
745,HD 131496 b,HD 131496,711.9392,883,2.11,1.62
746,HD 131496 b,HD 131496,699.2,883,2.09,1.61
747,HD 131496 b,HD 131496,572.094,896,2.01,1.34
748,6 Lyn b,6 Lyn,762.8,899,2.2,1.7
749,gam Cep b,gam Cep,508.5254512,902.9,2.044,1.4
750,gam Cep b,gam Cep,587.96,903.3,2.05,1.4
751,gam Cep b,gam Cep,540.3,905.574,2.13,1.59
752,HD 128311 c,HD 128311,1032.94232275,917.5,1.742,0.837059
753,6 Lyn b,6 Lyn,597.83523357,919.86,2.028,1.32
754,HD 128311 c,HD 128311,1204.25787,921.538,1.74,0.828
755,HD 128311 c,HD 128311,1029.73,923.8,1.745,0.828
756,HD 128311 c,HD 128311,1020.19,928.3,1.76,0.84
757,6 Lyn b,6 Lyn,638.8383,934.3,2.11,1.44
758,HD 110014 b,HD 110014,4344.7361,936.4,2.5,2.09
759,HD 114386 b,HD 114386,394.09,937.7,1.65,0.68
760,HD 114386 b,HD 114386,362.3262,937.70001,1.73,0.6
761,81 Cet b,81 Cet,1684.4,952.7,2.5,2.4
762,HD 181720 b,HD 181720,127.132,956,1.85,1.03
763,HD 181720 b,HD 181720,117.59,956,1.78,0.92
764,HD 126525 b,HD 126525,75.32571,960.41,1.837,0.897
765,HD 181433 c,HD 181433,203,962,1.76,0.78
766,HD 132406 b,HD 132406,1970.5361234,964,1.969,1.09
767,HD 132406 b,HD 132406,1782.951,974,1.98,1.03
768,HD 132406 b,HD 132406,1709.9254,974,1.98,1.03
769,HD 181433 c,HD 181433,207.47704,975.41,1.7731,0.81
770,HD 16175 b,HD 16175,1875.1876013,981.1,2.13,1.34
771,18 Del b,18 Del,2926.24614325,982.85,2.476,2.1
772,HD 159868 b,HD 159868,540.288,986,2,0.97
773,HD 187085 b,HD 187085,238.36,986,2.05,1.22
774,HD 10647 b,HD 10647,298.75,989.2,2.015,1.11
775,HD 16175 b,HD 16175,1620.933,990,2.12,1.63
776,HD 16175 b,HD 16175,1398,990,2.1,1.29
777,18 Del b,18 Del,3273.5,993.3,2.6,2.3
778,HD 16175 b,HD 16175,1516.0491,995.4,2.148,1.34
779,HD 10647 b,HD 10647,295.57,1003,2.03,1.1
780,81 Cet b,81 Cet,1051.05854195,1005.57,2.104,1.23
781,HD 147018 c,HD 147018,2080,1008,1.922,0.927
782,HD 181433 c,HD 181433,214.21634632,1014.5,1.819,0.78
783,HD 187085 b,HD 187085,265.70588,1019.74,2.1,1.189
784,HD 148156 b,HD 148156,270.144,1027,2.45,1.22
785,HD 197037 b,HD 197037,251,1035.7,2.07,1.11
786,HD 190647 b,HD 190647,616.5902,1038.09998,2.07,1.14
787,HD 190647 b,HD 190647,603.85,1038.1,2.07,1.1
788,HD 143361 b,HD 143361,1122.57556,1039.15,1.988,0.968
789,HD 143361 b,HD 143361,1557.3591943,1040,2.05,1.06
790,HD 143361 b,HD 143361,1382.55357045,1042.4,1.994,0.968
791,HD 143361 b,HD 143361,1106.0484,1046.2,1.98,0.95
792,GJ 676 A b,GJ 676 A,1570,1050.3,1.8,0.71
793,GJ 676 A b,GJ 676 A,1840.86213334,1051.44521,1.735,0.626
794,GJ 676 A b,GJ 676 A,1576.4368,1056.80005,1.82,0.73
795,HD 143361 b,HD 143361,991.588,1057,2,0.95
796,HD 10697 b,HD 10697,1973.64,1075.2,2.131,1.112
797,HD 10697 b,HD 10697,1825.2885414,1075.3799,2.051,0.99
798,HD 10697 b,HD 10697,2151.69831539,1075.5,2.143,1.13
799,HD 10697 b,HD 10697,2030.92352073,1075.65,2.156,1.155848
800,HD 10697 b,HD 10697,2028.70889,1075.69,2.14,1.13
801,HD 10697 b,HD 10697,2027.7,1076.4,2.16,0.99
802,47 UMa b,47 UMa,778.6835,1076.6,2.1,1.063
803,47 UMa b,47 UMa,774.86565627,1076.6,2.059,1.005192
804,47 UMa b,47 UMa,804.08,1078,2.1,1.06
805,HD 143361 b,HD 143361,953.49,1086,2,0.95
806,HD 114729 b,HD 114729,346.4347,1114,2.1,1.24
807,HD 114729 b,HD 114729,301.93,1114,2.11,1
808,HD 111232 b,HD 111232,2129.461,1118,1.9,0.75
809,HD 2039 b,HD 2039,1999.1507,1120,2.2,1.23
810,HD 114729 b,HD 114729,262.20975,1121.79,2.067,0.936
811,HD 139357 b,HD 139357,6315.5682755,1124.79139,2.949,2.69
812,HD 139357 b,HD 139357,3101.89,1125.7,2.36,1.35
813,HD 139357 b,HD 139357,5784.4770074,1128,2.35,1.35
814,HD 170469 b,HD 170469,176.39476588,1130,2.213,1.134802
815,HD 114729 b,HD 114729,283.50293904,1132.7,2.094,0.955311
816,HD 114729 b,HD 114729,266.97,1135,2.08,0.93
817,HD 111232 b,HD 111232,2269.3062,1143,1.97,0.84
818,HD 111232 b,HD 111232,2161.15,1143,1.97,0.78
819,HD 170469 b,HD 170469,212.94,1145,2.1,1.14
820,HD 170469 b,HD 170469,209.7678,1145,2.24,1.1
821,HD 164922 b,HD 164922,98.5273,1155,2.1,0.76
822,HD 164922 b,HD 164922,114.414,1155,2.11,0.94
823,HD 111232 b,HD 111232,2374.17820029,1168.69,2.051,0.83
824,HD 111232 b,HD 111232,2531.50326176,1169.13202,2.148,0.96
825,HD 190647 b,HD 190647,630.89255,1176.45,2.231,1.069
826,HD 159868 b,HD 159868,667.41,1178.4,2.25,1.087
827,HD 159868 b,HD 159868,797.7533,1178.40002,2.3,1.42
828,HD 2039 b,HD 2039,1557.3,1183,2.2,0.98
829,HD 159868 b,HD 159868,704.94694,1184.1,2.32,1.19
830,HD 164922 b,HD 164922,109.33297201,1198.5,2.149,0.921146
831,HD 164922 b,HD 164922,107.6,1201.1,2.115,0.874
832,HD 164922 b,HD 164922,116,1207,2.16,0.926
833,HD 126614 b,HD 126614,130.3103,1244,2.37,1.26
834,HD 126614 b,HD 126614,120,1244,2.35,1.145
835,HD 126614 b,HD 126614,113.14691289,1253.5,2.291,1.021245
836,HD 126614 b,HD 126614,107.74382997,1257.25303,2.249,0.96
837,HD 202206 c,HD 202206,5689.157,1260,2.41,1.07
838,HD 163607 c,HD 163607,686.5128,1267.4,2.38,1.12
839,HD 11506 b,HD 11506,1093.29,1270.2,2.43,1.12
840,HD 163607 c,HD 163607,699.54383,1272,2.39,1.12
841,HD 175167 b,HD 175167,2037.59791728,1276.07604,2.307,1
842,HD 175167 b,HD 175167,3114.7183886,1289,2.438,1.17
843,HD 175167 b,HD 175167,2850.9351,1290,2.4,1.37
844,HD 175167 b,HD 175167,2478.97,1290,2.4,1.102
845,HD 134060 c,HD 134060,29.29,1291.5646,2.3928,1.095
846,HD 142245 b,HD 142245,603.9,1299,2.77,1.69
847,HD 142245 b,HD 142245,975.7381,1299,2.78,3.5
848,HD 196050 b,HD 196050,889.924,1300,2.4,1.13
849,HD 163607 c,HD 163607,727.8,1314,2.42,1.09
850,HD 196050 b,HD 196050,959.8466,1321,2.43,1.1
851,HD 196885 A b,HD 196885 A,947.1334,1325.8575,2.6,1.18
852,HD 196885 A b,HD 196885 A,819.97,1333,2.37,1.28
853,HD 196885 A b,HD 196885 A,940.74,1346.85,2.63,1.33
854,HD 196050 b,HD 196050,1010.6994,1378,2.51,1.31
855,HD 196050 b,HD 196050,1493.7935129,1392,2.65,1.27
856,HD 196050 b,HD 196050,1446.11925185,1393,2.585,1.18
857,HD 11506 b,HD 11506,1506.45,1405,2.48,1.19
858,HD 11506 b,HD 11506,1760.7782,1405,2.6,1.51
859,HD 171238 b,HD 171238,2796.8899816,1515,2.518,0.92
860,HD 171238 b,HD 171238,826.32,1523,2.54,0.943
861,HD 106252 b,HD 106252,2202.5619,1531,2.61,1.01
862,HD 106252 b,HD 106252,2199.29,1531,2.611,1.007
863,HD 171238 b,HD 171238,864.4976,1532,2.57,0.96
864,HD 106252 b,HD 106252,3178.28407,1535,2.655,1.05
865,HD 132563 b,HD 132563,473.547,1544,2.62,1.231
866,HD 106252 b,HD 106252,2419.538,1600,2.7033,1.03
867,HD 106252 b,HD 106252,2402.7948,1600,2.7,1.06
868,HD 108874 c,HD 108874,323.537,1605.8,2.68,0.99
869,HAT-P-17 c,HAT-P-17,416.34,1610,2.555,0.857
870,HD 11506 b,HD 11506,1551.00262616,1613.74017,2.8,1.12
871,HD 11506 b,HD 11506,1525.5763536,1617.7,2.885,1.22
872,HD 11506 b,HD 11506,1535.1189,1622.1,2.9,1.24
873,HD 108874 c,HD 108874,314.64,1624,2.659,0.95
874,HD 11506 b,HD 11506,1338.01,1627.5,2.708,1.24
875,HD 113538 c,HD 113538,225.65,1657,2.43,0.7
876,HD 12661 c,HD 12661,581.6,1679,2.86,1
877,HD 108874 c,HD 108874,338.2,1680,2.77,0.97
878,HD 12661 c,HD 12661,589.57169499,1696.7,2.861,1.084826
879,HD 12661 c,HD 12661,610,1708,2.9,1
880,HD 12661 c,HD 12661,575.884,1708,2.8145,1.02
881,14 Her b,14 Her,1554.12,1724,2.82,1
882,HD 204941 b,HD 204941,73.1009,1733,2.55,0.58
883,HD 204941 b,HD 204941,84.5392,1733,2.56,0.74
884,HD 108874 c,HD 108874,362.00655557,1743.2,2.83,0.995578
885,HD 168443 c,HD 168443,5752.723,1748.2,2.91,0.98
886,HD 168443 c,HD 168443,5752.5,1749.5,2.91,0.98
887,HD 168443 c,HD 168443,5644.63250832,1749.67,2.881,1.042438
888,HD 168443 c,HD 168443,5464.221,1749.83,2.8373,0.995
889,HD 168443 c,HD 168443,5500.33841154,1753.1096,2.842,0.98
890,14 Her b,14 Her,2559.47216157,1765.0389,2.774,0.91
891,14 Her b,14 Her,1581.138,1766,2.864,0.91
892,14 Her b,14 Her,1541.46777395,1766.41,2.83,0.969205
893,14 Her b,14 Her,1481.0878,1773.40002,2.93,0.9
894,14 Her b,14 Her,1506.45,1796.4,2.8,0.9
895,HD 129445 b,HD 129445,797.74930157,1802,2.984,1.09
896,HD 113538 c,HD 113538,295.57,1818,2.44,0.585
897,HD 169830 c,HD 169830,2437.42605328,1818.82339,3.075,1.17
898,HD 169830 c,HD 169830,1115.57770857,1831.9,3.282,1.406679
899,HD 169830 c,HD 169830,2828.6728223,1832,3.29,1.4
900,HD 129445 b,HD 129445,508.507,1840,2.9,0.99
901,GJ 849 b,GJ 849,289.21,1845,2.32,0.49
902,GJ 849 b,GJ 849,317.83,1882,2.35,0.65
903,HD 106270 b,HD 106270,3219.6179,1888,3.34,1.39
904,GJ 849 b,GJ 849,260.61,1890,2.35,0.49
905,HD 106270 b,HD 106270,3623.2438398,1890,3.347,1.48
906,HD 204313 b,HD 204313,1099.6918,1920.09998,3.07,1.03
907,HD 204313 b,HD 204313,1128.25,1920.1,3.04,1.02
908,GJ 849 b,GJ 849,289.531,1924,2.39,0.461286
909,GJ 849 b,GJ 849,283.82076745,1925.31,2.32,0.45
910,HD 142022 A b,HD 142022 A,1411.1652,1928,2.93,0.9
911,HD 142022 A b,HD 142022 A,1600,1928,3.03,0.99
912,HD 204313 b,HD 204313,1287.16,1931,3.082,1.045
913,HD 11964 b,HD 11964,200.54972482,1935,3.185,1.151343
914,HD 142022 A b,HD 142022 A,1433.40611557,1935,2.939,0.98
915,GJ 849 b,GJ 849,283.18511064,1940,2.409,0.495859
916,HD 11964 b,HD 11964,198,1945,3.16,0.91
917,HD 204313 b,HD 204313,1360,2024.1,3.167,1.02
918,HD 204313 b,HD 204313,1466.7780983,2041.11539,3.185,1.03
919,HD 204313 b,HD 204313,1576.42889872,2050,3.208,1.045
920,HD 152079 b,HD 152079,953.45,2097,3.2,1.023
921,HD 169830 c,HD 169830,1283.98,2102,3.6,1.4
922,HD 11964 b,HD 11964,193.9,2110,3.34,1.12
923,HD 181433 d,HD 181433,171,2172,3,0.78
924,HD 10180 h,HD 10180,65.663678,2205,3.381,1.06
925,HD 10180 h,HD 10180,64.4,2222,3.4,1.06
926,47 UMa c,47 UMa,157.96071828,2287,3.404,1.005192
927,GJ 179 b,GJ 179,260.61,2288,2.41,0.357
928,GJ 179 b,GJ 179,301.93698665,2303,2.424,0.357
929,GJ 179 b,GJ 179,239.00696206,2333,2.523,0.393442
930,47 UMa c,47 UMa,171.621,2391,3.6,1.06
931,HD 181433 d,HD 181433,166.89822,2468.46,3.29347,0.81
932,eps Eri b,eps Eri,492.6365,2502,3.39,0.83
933,eps Eri b,eps Eri,540.311,2502.1,3.4,0.85
934,HD 117207 b,HD 117207,549.8459,2597,3.74,0.96
935,HD 117207 b,HD 117207,597,2597,3.79,1.08
936,HD 117207 b,HD 117207,669.34662514,2606,3.773,1.053
937,HD 117207 b,HD 117207,594.33912109,2615,3.744,1.024232
938,HD 117207 b,HD 117207,612.14058,2621.75,3.787,1.053
939,HD 117207 b,HD 117207,654.7298,2627.08,3.78,1.04
940,eps Eri b,eps Eri,206.90629296,2650,3.5,0.814595
941,eps Eri b,eps Eri,209.76674862,2671,3.53,0.82
942,HD 125612 d,HD 125612,2281.37230545,2822.72698,3.982,1.05
943,HD 125612 d,HD 125612,2313.8024,2835,4.06,1.11
944,HD 190360 b,HD 190360,572.0911326,2854,3.9,1
945,HD 106270 b,HD 106270,3496,2890,4.3,1.32
946,HD 190360 b,HD 190360,477.361,2891,3.92,0.96
947,HD 190360 b,HD 190360,474.19998324,2892.2,3.955,0.986343
948,HD 152079 b,HD 152079,692.8694,2899,3.98,1.1
949,HD 190360 b,HD 190360,495.79,2915,4.01,0.98
950,HD 190360 b,HD 190360,489.4582,2915.03687,3.97,0.99
951,HD 152079 b,HD 152079,845.74563,2918.92,4.187,1.147
952,HD 160691 c,HD 160691,985.23,2986,4.17,1.08
953,HD 125612 d,HD 125612,2286,3008,4.2,1.091
954,HD 183263 c,HD 183263,1134.61,3070,4.35,1.06
955,HD 187123 c,HD 187123,577.791,3324,4.417,1.04
956,HD 154345 b,HD 154345,378.21580433,3340,4.2,0.88
957,HD 154345 b,HD 154345,260.6206,3341.55884,4.21,0.71
958,HD 154345 b,HD 154345,300.972,3342,4.19,0.88
959,HD 187123 c,HD 187123,544.44006119,3374,4.432,1.020234
960,GJ 832 b,GJ 832,203.4,3416,3.4,0.45
961,HD 154345 b,HD 154345,287.63470834,3420,4.272,0.886394
962,GJ 832 b,GJ 832,197.046,3507,3.46,0.437474
963,HD 154345 b,HD 154345,317.8,3538,4.3,0.95
964,GJ 832 b,GJ 832,254.2627256,3610,3.53,0.45
965,GJ 832 b,GJ 832,216,3657,3.56,0.45
966,HD 187123 c,HD 187123,632.46,3810,4.89,1.04
967,GJ 832 b,GJ 832,314.65012293,3853,3.7,0.45
968,HD 190360 b,HD 190360,422.7,3902,4.8,0.96
969,HAT-P-17 c,HAT-P-17,915.3504,3972,4.67,0.857
970,HD 160691 c,HD 160691,576.519,4205.8,5.235,1.08
971,HD 13931 b,HD 13931,699.226,4218,5.15,1.3
972,HD 13931 b,HD 13931,597,4218,5.15,1.022
973,HD 13931 b,HD 13931,889.9195396,4449,5.338,1.022
974,HD 13931 b,HD 13931,607.37008578,4449,5.323,1.015973
975,HD 160691 c,HD 160691,770.07,4472.967,5.543,1.03
976,55 Cnc d,55 Cnc,1243.35096,4517.4,5.257,0.95
977,HD 183263 c,HD 183263,2958.98246917,4667.97841,5.585,1.06
978,HD 183263 c,HD 183263,2192.93,4684,5.69,1.06
979,55 Cnc d,55 Cnc,908.98924402,4820,5.54,0.974708
980,55 Cnc d,55 Cnc,1232.493,4825,5.503,0.95
981,55 Cnc d,55 Cnc,1226.77,4867,5.446,0.9
982,HD 190984 b,HD 190984,985.2,4885,5.5,0.91
983,55 Cnc d,55 Cnc,1121.89,4909,5.47,0.9
984,HD 134987 c,HD 134987,260,5000,5.8,1.1
985,HD 183263 c,HD 183263,2529.91411972,5010,6.037,1.170583
986,55 Cnc d,55 Cnc,1218.827,5218,5.77,0.9
987,55 Cnc d,55 Cnc,1287.2115,5360,5.9,0.95
988,55 Cnc d,55 Cnc,1220.42,5370,5.84,0.9
989,55 Cnc d,55 Cnc,991.6,5574.2,5.957,0.905
990,HAT-P-17 c,HAT-P-17,1080.6,5584,5.6,0.92
991,HD 134987 c,HD 134987,297.16956055,5960,6.62,1.092644
992,bet Pic b,bet Pic,2542.533,6000,8,1.95
993,HD 181433 d,HD 181433,194.51098508,7012,6.6,0.78
994,bet Pic b,bet Pic,3146.517,7800,9,1.75
995,bet Pic b,bet Pic,3727.8093857,8617.50952,10.018,1.795
996,HD 190984 b,HD 190984,1137.82569706,9970,8.8,0.91
997,DP Leo b,DP Leo,1922.79,10220,8.19,0.69
998,47 UMa d,47 UMa,521.22,14002,11.6,1.06
999,47 UMa d,47 UMa,479.92089457,19000,13.8,1.005192
